Id,Label
0,Bradyrhizobium
1,Rhodopseudomonas
2,Nitrobacter
3,Tardiphaga
4,Afipia
5,Variibacter
6,Rhizobium
7,Agrobacterium
8,Neorhizobium
9,Pseudorhizobium
10,Sinorhizobium
11,Ensifer
12,Shinella
13,Ciceribacter
14,Georhizobium
15,Peteryoungia
16,Liberibacter
17,Mesorhizobium
18,Aminobacter
19,Aquibium
20,Nitratireductor
21,Phyllobacterium
22,Roseitalea
23,Hoeflea
24,Oricola
25,Salaquimonas
26,Lentilitoribacter
27,Methylobacterium
28,Microvirga
29,Methylorubrum
30,Brucella
31,Pseudochrobactrum
32,Pseudolabrys
33,Starkeya
34,Xanthobacter
35,Ancylobacter
36,Labrys
37,Azorhizobium
38,Devosia
39,Youhaiella
40,Paradevosia
41,Pelagibacterium
42,Maritalea
43,Rhodoplanes
44,Hyphomicrobium
45,Methyloceanibacter
46,Aquabacter
47,Methyloligella
48,Caenibius
49,Rhodomicrobium
50,Filomicrobium
51,Bosea
52,Aureimonas
53,Martelella
54,Aurantimonas
55,Pseudorhodoplanes
56,Nordella
57,Terrihabitans
58,Candidatus_Hodgkinia
59,Methylocystis
60,Methylosinus
61,Stappia
62,Pannonibacter
63,Roseibium
64,Labrenzia
65,Pseudovibrio
66,Phreatobacter
67,Kaustia
68,Parvibaculum
69,Pyruvatibacter
70,Candidatus_Phaeomarinobacter
71,Chelatococcus
72,Blastochloris
73,Methylocella
74,Methylovirgula
75,Beijerinckia
76,Kaistia
77,Acuticoccus
78,Hartmannibacter
79,Breoghania
80,Lichenihabitans
81,Bartonella
82,Cohaesibacter
83,Sphingomonas
84,Sphingopyxis
85,Sphingobium
86,Novosphingobium
87,Rhizorhabdus
88,Allosphingosinicella
89,Sphingosinithalassobacter
90,Parasphingopyxis
91,Sphingorhabdus
92,Blastomonas
93,Citromicrobium
94,Tardibacter
95,Hankyongella
96,Novosphingopyxis
97,Aquisediminimonas
98,Parasphingorhabdus
99,Erythrobacter
100,Porphyrobacter
101,Qipengyuania
102,Altererythrobacter
103,Tsuneonella
104,Croceicoccus
105,Croceibacterium
106,Aurantiacibacter
107,Pelagerythrobacter
108,Paraurantiacibacter
109,Sphingosinicella
110,Polymorphobacter
111,Sandaracinobacter
112,Zymomonas
113,Azospirillum
114,Skermanella
115,Nitrospirillum
116,Indioceanicola
117,Niveispirillum
118,Roseomonas
119,Rhodovastum
120,Komagataeibacter
121,Roseococcus
122,Acidiphilium
123,Sediminicoccus
124,Lichenicola
125,Acetobacter
126,Acidibrevibacterium
127,Gluconobacter
128,Gluconacetobacter
129,Granulibacter
130,Asaia
131,Neoasaia
132,Kozakia
133,Novacetimonas
134,Oecophyllibacter
135,Parasaccharibacter
136,Swingsia
137,Neokomagataea
138,Entomobacter
139,Commensalibacter
140,Bombella
141,Hypericibacter
142,Magnetospirillum
143,Ferrovibrio
144,Rhodospirillum
145,Tistrella
146,Defluviicoccus
147,Pararhodospirillum
148,Haematospirillum
149,Candidatus_Endolissoclinum
150,Stella
151,Elioraea
152,Thalassospira
153,Magnetospira
154,Terasakiella
155,Paracoccus
156,Cereibacter
157,Rhodobacter
158,Rhodovulum
159,Polymorphum
160,Paroceanicella
161,Thioclava
162,Pikeienuella
163,Pontivivens
164,Silicimonas
165,Pelagovum
166,Frigidibacter
167,Pukyongiella
168,Brevirhabdus
169,Fuscovulum
170,Haematobacter
171,Gymnodinialimonas
172,Pseudopuniceibacterium
173,Falsirhodobacter
174,Pacificitalea
175,Gemmobacter
176,Tabrizicola
177,Pseudooceanicola
178,Monaibacterium
179,Roseicitreum
180,Tritonibacter
181,Yoonia
182,Qingshengfaniella
183,Rhodophyticola
184,Pseudohalocynthiibacter
185,Rhodobaca
186,Profundibacter
187,Pseudorhodobacter
188,Parasedimentitalea
189,Cognatishimia
190,Aestuarium
191,Planktomarina
192,Roseovarius
193,Sulfitobacter
194,Salipiger
195,Roseivivax
196,Celeribacter
197,Phaeobacter
198,Leisingera
199,Ruegeria
200,Pseudosulfitobacter
201,Sagittula
202,Yangia
203,Ponticoccus
204,Roseobacter
205,Mameliella
206,Dinoroseobacter
207,Ketogulonicigenium
208,Octadecabacter
209,Oceanicola
210,Roseibacterium
211,Actibacterium
212,Maribius
213,Thalassococcus
214,Antarctobacter
215,Tateyamaria
216,Jannaschia
217,Thalassobius
218,Falsihalocynthiibacter
219,Caulobacter
220,Brevundimonas
221,Phenylobacterium
222,Terricaulis
223,Asticcacaulis
224,Hyphomonas
225,Candidatus_Viadribacter
226,Hirschia
227,Marinicauda
228,Maricaulis
229,Glycocaulis
230,Hyphobacterium
231,Aquisalinus
232,Parvularcula
233,Anaplasma
234,Wolbachia
235,Ehrlichia
236,Neorickettsia
237,Rickettsia
238,Orientia
239,Candidatus_Sneabacter
240,Candidatus_Phycorickettsia
241,Candidatus_Fokinia
242,Candidatus_Deianiraea
243,Micavibrio
244,Candidatus_Puniceispirillum
245,Paremcibacter
246,Luteithermobacter
247,Candidatus_Cytomitobacter
248,Candidatus_Nesciobacter
249,Candidatus_Hydrogenosomobacter
250,Candidatus_Paracaedibacter
251,Candidatus_Nucleicultrix
252,Magnetococcus
253,Candidatus_Pelagibacter
254,Candidatus_Fonsibacter
255,Kordiimonas
256,Lysobacter
257,Pseudoxanthomonas
258,Stenotrophomonas
259,Xanthomonas
260,Luteimonas
261,Thermomonas
262,Arenimonas
263,Pseudolysobacter
264,Xylella
265,Rhodanobacter
266,Luteibacter
267,Frateuria
268,Dyella
269,Dokdonella
270,Aerosticca
271,Ahniella
272,Pseudomonas
273,Azotobacter
274,Halopseudomonas
275,Permianibacter
276,Thiopseudomonas
277,Entomomonas
278,Marinobacter
279,Klebsiella
280,Raoultella
281,Enterobacter
282,Citrobacter
283,Cronobacter
284,Kosakonia
285,Leclercia
286,Salmonella
287,Pluralibacter
288,Escherichia
289,Cedecea
290,Lelliottia
291,Kluyvera
292,Candidatus_Symbiopectobacterium
293,Candidatus_Blochmannia
294,Candidatus_Hamiltonella
295,Candidatus_Doolittlea
296,Candidatus_Hoaglandella
297,Buttiauxella
298,Plesiomonas
299,Jejubacter
300,Pseudescherichia
301,Atlantibacter
302,Pseudocitrobacter
303,Shimwellia
304,Scandinavium
305,Yokenella
306,Phytobacter
307,Candidatus_Profftia
308,Shigella
309,Candidatus_Moranella
310,Candidatus_Schneideria
311,Serratia
312,Rahnella
313,Yersinia
314,Nissabacter
315,Gibbsiella
316,Ewingella
317,Rouxiella
318,Chania
319,Candidatus_Fukatsuia
320,Pantoea
321,Erwinia
322,Mixta
323,Buchnera
324,Tatumella
325,Dickeya
326,Pectobacterium
327,Brenneria
328,Lonsdalea
329,Musicola
330,Morganella
331,Providencia
332,Xenorhabdus
333,Photorhabdus
334,Proteus
335,Arsenophonus
336,Moellerella
337,Edwardsiella
338,Hafnia
339,Obesumbacterium
340,Sodalis
341,Leminorella
342,Pragia
343,Limnobaculum
344,Jinshanibacter
345,Thioalkalivibrio
346,Spiribacter
347,Acidihalobacter
348,Halorhodospira
349,Ectothiorhodospira
350,Aquisalimonas
351,Alkalilimnicola
352,Ectothiorhodosinus
353,Allochromatium
354,Thiodictyon
355,Thioflavicoccus
356,Marichromatium
357,Thiocapsa
358,Thiocystis
359,Thermochromatium
360,Caldichromatium
361,Nitrosococcus
362,Rheinheimera
363,Candidatus_Nitrosoglobus
364,Candidatus_Nitrosacidococcus
365,Wenzhouxiangella
366,Thiohalobacter
367,Sulfurivermis
368,Guyparkeria
369,Woeseia
370,Halothiobacillus
371,Sulfuriflexus
372,Granulosicoccus
373,Halomonas
374,Cobetia
375,Halotalea
376,Salinicola
377,Kushneria
378,Chromohalobacter
379,Pistricoccus
380,Zymobacter
381,Candidatus_Portiera
382,Alcanivorax
383,Ketobacter
384,Marinobacterium
385,Marinomonas
386,Thalassolituus
387,Venatorbacter
388,Bacterioplanes
389,Nitrincola
390,Neptunomonas
391,Amphritea
392,Bermanella
393,Saccharospirillum
394,Reinekea
395,Gynuella
396,Hahella
397,Litoricola
398,Oleiphilus
399,Endozoicomonas
400,Spartinivicinus
401,Steroidobacter
402,Solimonas
403,Flagellatimonas
404,Sinimarinibacterium
405,Methylococcus
406,Methylomonas
407,Methylomicrobium
408,Methylomagnum
409,Methylogaea
410,Methylocaldum
411,Candidatus_Methylospira
412,Methylotuvimicrobium
413,Methylovulum
414,Methylobacter
415,Aeromonas
416,Zobellella
417,Oceanimonas
418,Oceanisphaera
419,Dongshaea
420,Tolumonas
421,Succinivibrio
422,Microbulbifer
423,Cellvibrio
424,Simiduia
425,Teredinibacter
426,Saccharophagus
427,Marinagarivorans
428,Agarilytica
429,Kineobactrum
430,Halioglobus
431,Congregibacter
432,Aequoribacter
433,Spongiibacter
434,Zhongshania
435,Oceanicoccus
436,Shewanella
437,Parashewanella
438,Alteromonas
439,Salinimonas
440,Hydrocarboniclastica
441,Paraglaciecola
442,Lacimicrobium
443,Agarivorans
444,Saliniradius
445,Paraneptunicella
446,Glaciecola
447,Saccharobesus
448,Catenovulum
449,Pseudoalteromonas
450,Psychrosphaera
451,Flocculibacter
452,Ferrimonas
453,Colwellia
454,Thalassotalea
455,Cognaticolwellia
456,Litorilituus
457,Idiomarina
458,Moritella
459,Psychromonas
460,Sulfurifustis
461,Sulfuricaulis
462,Acidiferrobacter
463,Vibrio
464,Photobacterium
465,Salinivibrio
466,Grimontia
467,Thaumasiovibrio
468,Aliivibrio
469,Paraphotobacterium
470,Acinetobacter
471,Psychrobacter
472,Moraxella
473,Aquirhabdus
474,Candidatus_Endoriftia
475,Candidatus_Vesicomyosocius
476,Candidatus_Ruthia
477,Sedimenticola
478,Candidatus_Reidiella
479,Thiolapillus
480,Pseudohongiella
481,Gallaecimonas
482,Candidatus_Thioglobus
483,Ignatzschineria
484,Celerinatantimonas
485,Candidatus_Pseudothioglobus
486,Candidatus_Nardonella
487,Candidatus_Steffania
488,Legionella
489,Tatlockia
490,Fluoribacter
491,Aquicella
492,Coxiella
493,Rickettsiella
494,Immundisolibacter
495,Thiomicrospira
496,Thiomicrorhabdus
497,Methylophaga
498,Hydrogenovibrio
499,Piscirickettsia
500,Thiosulfativibrio
501,Cycloclasticus
502,Thiosulfatimonas
503,Thiothrix
504,Beggiatoa
505,Francisella
506,Allofrancisella
507,Salinisphaera
508,Haemophilus
509,Pasteurella
510,Aggregatibacter
511,Actinobacillus
512,Mannheimia
513,Avibacterium
514,Basfia
515,Glaesserella
516,Rodentibacter
517,Histophilus
518,Gallibacterium
519,Frederiksenia
520,Bibersteinia
521,Bisgaardia
522,Otariodibacter
523,Vespertiliibacter
524,Cardiobacterium
525,Suttonella
526,Dichelobacter
527,Kangiella
528,Gilliamella
529,Zophobihabitans
530,Frischella
531,Variovorax
532,Hydrogenophaga
533,Acidovorax
534,Ramlibacter
535,Rhodoferax
536,Comamonas
537,Schlegelella
538,Polaromonas
539,Diaphorobacter
540,Delftia
541,Kinneretia
542,Ottowia
543,Alicycliphilus
544,Melaminivora
545,Hylemonella
546,Serpentinimonas
547,Verminephrobacter
548,Pulveribacter
549,Simplicispira
550,Limnohabitans
551,Curvibacter
552,Candidatus_Symbiobacter
553,Burkholderia
554,Cupriavidus
555,Paraburkholderia
556,Ralstonia
557,Pandoraea
558,Caballeronia
559,Lautropia
560,Polynucleobacter
561,Chitinimonas
562,Mycetohabitans
563,Mycoavidus
564,Limnobacter
565,Candidatus_Vallotia
566,Ephemeroptericola
567,Achromobacter
568,Bordetella
569,Pigmentiphaga
570,Castellaniella
571,Alcaligenes
572,Orrella
573,Pusillimonas_(ex_Stolz_et_al._2005)
574,Paralcaligenes
575,Kerstersia
576,Advenella
577,Oligella
578,Paenalcaligenes
579,Taylorella
580,Basilea
581,Pelistega
582,Massilia
583,Duganella
584,Herbaspirillum
585,Janthinobacterium
586,Collimonas
587,Noviherbaspirillum
588,Undibacterium
589,Herminiimonas
590,Glaciimonas
591,Oxalobacter
592,Rhizobacter
593,Sphaerotilus
594,Rubrivivax
595,Methylibium
596,Aquincola
597,Mitsuaria
598,Leptothrix
599,Thiomonas
600,Ideonella
601,Xylophilus
602,Roseateles
603,Aquabacterium
604,Tepidimonas
605,Inhella
606,Paucibacter
607,Candidatus_Ichthyocystis
608,Sutterella
609,Turicimonas
610,Usitatibacter
611,Nitrosospira
612,Nitrosomonas
613,Denitratisoma
614,Sulfuritalea
615,Methyloversatilis
616,Sterolibacterium
617,Sideroxydans
618,Ferrigenium
619,Ferriphaselus
620,Candidatus_Nitrotoga
621,Gallionella
622,Thiobacillus
623,Sulfuritortus
624,Sulfuriferula
625,Sulfurimicrobium
626,Sulfuricella
627,Methylovorus
628,Methylobacillus
629,Methylophilus
630,Methylotenera
631,Candidatus_Methylopumilus
632,Methyloradius
633,Thauera
634,Azoarcus
635,Nitrogeniibacter
636,Aromatoleum
637,Azospira
638,Niveibacterium
639,Oryzomicrobium
640,Rugosibacter
641,Dechloromonas
642,Ferribacterium
643,Quatrionicoccus
644,Fluviibacter
645,Chromobacterium
646,Iodobacter
647,Jeongeupia
648,Paludibacterium
649,Vogesella
650,Pseudogulbenkiania
651,Aquitalea
652,Microvirgula
653,Laribacter
654,Aquaspirillum
655,Chitinibacter
656,Deefgea
657,Neisseria
658,Crenobacter
659,Chitinolyticbacter
660,Vitreoscilla
661,Kingella
662,Eikenella
663,Uruburuella
664,Paralysiella
665,Conchiformibius
666,Alysiella
667,Aquella
668,Snodgrassella
669,Morococcus
670,Simonsiella
671,Casimicrobium
672,Candidatus_Kinetoplastibacterium
673,Candidatus_Profftella
674,Sorangium
675,Polyangium
676,Chondromyces
677,Pajaroellobacter
678,Sandaracinus
679,Labilithrix
680,Archangium
681,Stigmatella
682,Cystobacter
683,Melittangium
684,Corallococcus
685,Myxococcus
686,Pyxidicoccus
687,Anaeromyxobacter
688,Vulgatibacter
689,Haliangium
690,Geomonas
691,Geobacter
692,Citrifermentans
693,Geotalea
694,Geoalkalibacter
695,Trichlorobacter
696,Desulfuromonas
697,Pelobacter
698,Syntrophotalea
699,Desulfovibrio
700,Pseudodesulfovibrio
701,Solidesulfovibrio
702,Oceanidesulfovibrio
703,Desulfocurvibacter
704,Desulfolutivibrio
705,Megalodesulfovibrio
706,Oleidesulfovibrio
707,Maridesulfovibrio
708,Paradesulfovibrio
709,Lawsonia
710,Desulfomicrobium
711,Desulfohalobium
712,Desulfosarcina
713,Desulfococcus
714,Desulfatibacillum
715,Desulfoluna
716,Desulfonema
717,Desulfobacter
718,Desulforapulum
719,Desulfobacula
720,Desulfobulbus
721,Desulfurivibrio
722,Desulfomarina
723,Desulfosudis
724,Desulfosediminicola
725,Desulfotalea
726,Desulfocapsa
727,Persicimonas
728,Bradymonas
729,Syntrophobacter
730,Desulfoglaeba
731,Desulfarculus
732,Desulfobacca
733,Desulfomonile
734,Syntrophus
735,Dissulfurimicrobium
736,Candidatus_Desulfofervidus
737,Hippea
738,Campylobacter
739,Sulfurimonas
740,Sulfuricurvum
741,Helicobacter
742,Wolinella
743,Nitratifractor
744,Sulfurovum
745,Arcobacter
746,Aliarcobacter
747,Malaciobacter
748,Pseudoarcobacter
749,Halarcobacter
750,Hydrogenimonas
751,Sulfurospirillum
752,Nitratiruptor
753,Nitrosophilus
754,Nautilia
755,Caminibacter
756,Acidithiobacillus
757,Bdellovibrio
758,Pseudobdellovibrio
759,Bacteriovorax
760,Halobacteriovorax
761,Fluviispira
762,Silvanigrella
763,Hydrogenophilus
764,Mariprofundus
765,Streptomyces
766,Yinghuangia
767,Kitasatospora
768,Streptacidiphilus
769,Mycolicibacterium
770,Mycobacterium
771,Mycolicibacter
772,Mycobacteroides
773,Mycolicibacillus
774,Hoyosella
775,Rhodococcus
776,Nocardia
777,Corynebacterium
778,Gordonia
779,Skermania
780,Tsukamurella
781,Dietzia
782,Tomitella
783,Segniliparus
784,Lawsonella
785,Microbacterium
786,Agromyces
787,Curtobacterium
788,Rathayibacter
789,Protaetiibacter
790,Leifsonia
791,Agrococcus
792,Leucobacter
793,Clavibacter
794,Salinibacterium
795,Cryobacterium
796,Frondihabitans
797,Microcella
798,Microterricola
799,Plantibacter
800,Herbiconiux
801,Cnuibacter
802,Subtercola
803,Frigoribacterium
804,Mycetocola
805,Gryllotalpicola
806,Chryseoglobus
807,Humibacter
808,Amnibacterium
809,Marisediminicola
810,Diaminobutyricimonas
811,Gulosibacter
812,Glaciihabitans
813,Agreia
814,Rhodoluna
815,Aquiluna
816,Pseudoclavibacter
817,Aurantimicrobium
818,Pontimonas
819,Arthrobacter
820,Kocuria
821,Pseudarthrobacter
822,Micrococcus
823,Paenarthrobacter
824,Sinomonas
825,Glutamicibacter
826,Citricoccus
827,Rothia
828,Nesterenkonia
829,Paeniglutamicibacter
830,Neomicrococcus
831,Psychromicrobium
832,Auritidibacter
833,Renibacterium
834,Cellulomonas
835,Actinotalea
836,Oerskovia
837,Pseudactinotalea
838,Paraoerskovia
839,Cellulosimicrobium
840,Xylanimonas
841,Isoptericola
842,Janibacter
843,Phycicoccus
844,Pedococcus
845,Tetrasphaera
846,Intrasporangium
847,Arsenicicoccus
848,Ornithinimicrobium
849,Serinicoccus
850,Brachybacterium
851,Dermabacter
852,Devriesea
853,Brevibacterium
854,Georgenia
855,Dermacoccus
856,Luteipulveratus
857,Allobranchiibius
858,Yimella
859,Ruania
860,Pengzhenrongella
861,Luteimicrobium
862,Beutenbergia
863,Miniimonas
864,Sanguibacter
865,Gephyromycinifex
866,Austwickia
867,Dermatophilus
868,Kytococcus
869,Demequina
870,Jonesia
871,Tropheryma
872,Micromonospora
873,Actinoplanes
874,Plantactinospora
875,Dactylosporangium
876,Couchioplanes
877,Phytohabitans
878,Catellatospora
879,Actinocatenispora
880,Polymorphospora
881,Natronosporangium
882,Verrucosispora
883,Salinispora
884,Nocardioides
885,Aeromicrobium
886,Pimelobacter
887,Marmoricola
888,Friedmanniella
889,Mumia
890,Micropruina
891,Microlunatus
892,Tessaracoccus
893,Brevilactibacter
894,Acidipropionibacterium
895,Propionibacterium
896,Auraticoccus
897,Arachnia
898,Cutibacterium
899,Raineyella
900,Vaginimicrobium
901,Kribbella
902,Actinopolymorpha
903,Actinomadura
904,Thermomonospora
905,Nonomuraea
906,Streptosporangium
907,Thermobispora
908,Nocardiopsis
909,Thermobifida
910,Streptomonospora
911,Spiractinospora
912,Amycolatopsis
913,Pseudonocardia
914,Saccharothrix
915,Saccharopolyspora
916,Lentzea
917,Saccharomonospora
918,Kutzneria
919,Allokutzneria
920,Actinosynnema
921,Actinoalloteichus
922,Kibdelosporangium
923,Alloactinosynnema
924,Prauserella
925,Allosaccharopolyspora
926,Blastococcus
927,Geodermatophilus
928,Modestobacter
929,Actinomyces
930,Schaalia
931,Flaviflexus
932,Trueperella
933,Pauljensenia
934,Nanchangia
935,Actinobaculum
936,Arcanobacterium
937,Actinotignum
938,Changpingibacter
939,Mobiluncus
940,Varibaculum
941,Boudabousia
942,Fannyhessea
943,Frankia
944,Jiangella
945,Bifidobacterium
946,Parascardovia
947,Gardnerella
948,Scardovia
949,Nakamurella
950,Catenulispora
951,Jatrophihabitans
952,Stackebrandtia
953,Natronoglycomyces
954,Kineococcus
955,Epidermidibacterium
956,Actinopolyspora
957,Acidothermus
958,Candidatus_Planktophila
959,Candidatus_Nanopelagicus
960,Conexibacter
961,Miltoncostaea
962,Aquihabitans
963,Iamia
964,Actinomarinicola
965,Ilumatobacter
966,Acidimicrobium
967,Baekduia
968,Rubrobacter
969,Eggerthella
970,Gordonibacter
971,Adlercreutzia
972,Arabiibacter
973,Raoultibacter
974,Berryella
975,Slackia
976,Denitrobacterium
977,Cryptobacterium
978,Phoenicibacter
979,Olsenella
980,Parolsenella
981,Parafannyhessea
982,Thermophilibacter
983,Atopobium
984,Lancefieldella
985,Collinsella
986,Coriobacterium
987,Euzebya
988,Egicoccus
989,Egibacter
990,Bacillus
991,Priestia
992,Peribacillus
993,Cytobacillus
994,Geobacillus
995,Oceanobacillus
996,Alkalihalobacillus
997,Hydrogenibacillus
998,Anoxybacillus
999,Neobacillus
1000,Lysinibacillus
1001,Metabacillus
1002,Mesobacillus
1003,Parageobacillus
1004,Virgibacillus
1005,Niallia
1006,Weizmannia
1007,Rossellomorea
1008,Salicibibacter
1009,Sutcliffiella
1010,Heyndrickxia
1011,Psychrobacillus
1012,Halobacillus
1013,Caldibacillus
1014,Salisediminibacterium
1015,Terribacillus
1016,Alkalihalophilus
1017,Lentibacillus
1018,Gracilibacillus
1019,Caldalkalibacillus
1020,Fictibacillus
1021,Anaerobacillus
1022,Lederbergia
1023,Halalkalibacterium
1024,Pontibacillus
1025,Gottfriedia
1026,Aeribacillus
1027,Salimicrobium
1028,Mangrovibacillus
1029,Pradoshia
1030,Sediminibacillus
1031,Radiobacillus
1032,Paraliobacillus
1033,Amphibacillus
1034,Evansella
1035,Paenibacillus
1036,Brevibacillus
1037,Cohnella
1038,Thermobacillus
1039,Saccharibacillus
1040,Aneurinibacillus
1041,Planococcus
1042,Solibacillus
1043,Sporosarcina
1044,Ureibacillus
1045,Paenisporosarcina
1046,Kurthia
1047,Rummeliibacillus
1048,Jeotgalibacillus
1049,Viridibacillus
1050,Tumebacillus
1051,Alicyclobacillus
1052,Kyrpidia
1053,Effusibacillus
1054,Novibacillus
1055,Kroppenstedtia
1056,Staphylospora
1057,Thermoactinomyces
1058,Polycladomyces
1059,Laceyella
1060,Staphylococcus
1061,Macrococcus
1062,Jeotgalicoccus
1063,Salinicoccus
1064,Mammaliicoccus
1065,Nosocomiicoccus
1066,Exiguobacterium
1067,Gemella
1068,Listeria
1069,Brochothrix
1070,Sporolactobacillus
1071,Lactobacillus
1072,Limosilactobacillus
1073,Levilactobacillus
1074,Lacticaseibacillus
1075,Weissella
1076,Lactiplantibacillus
1077,Schleiferilactobacillus
1078,Leuconostoc
1079,Ligilactobacillus
1080,Lentilactobacillus
1081,Oenococcus
1082,Loigolactobacillus
1083,Latilactobacillus
1084,Secundilactobacillus
1085,Pediococcus
1086,Companilactobacillus
1087,Furfurilactobacillus
1088,Acetilactobacillus
1089,Liquorilactobacillus
1090,Periweissella
1091,Fructilactobacillus
1092,Paucilactobacillus
1093,Streptococcus
1094,Lactococcus
1095,Floricoccus
1096,Enterococcus
1097,Vagococcus
1098,Tetragenococcus
1099,Jeotgalibaca
1100,Carnobacterium
1101,Dolosigranulum
1102,Aerococcus
1103,Suicoccus
1104,Abiotrophia
1105,Ignavigranum
1106,Faecalibacterium
1107,Flavonifractor
1108,Dysosmobacter
1109,Ethanoligenens
1110,Vescimonas
1111,Ruthenibacterium
1112,Caproiciproducens
1113,Anaerotruncus
1114,Ruminococcus
1115,Caproicibacter
1116,Oscillibacter
1117,Acutalibacter
1118,Pusillibacter
1119,Solibaculum
1120,Acetivibrio
1121,Caproicibacterium
1122,Pseudoclostridium
1123,Ruminiclostridium
1124,Thermoclostridium
1125,Mageeibacillus
1126,Fastidiosipila
1127,Monoglobus
1128,Thermaerobacter
1129,Intestinimonas
1130,Aminipila
1131,Emergencia
1132,Mogibacterium
1133,Flintibacter
1134,Massilistercora
1135,Carboxydocella
1136,Fenollaria
1137,Clostridium
1138,Paraclostridium
1139,Hungatella
1140,Alkaliphilus
1141,Crassaminicella
1142,Geosporobacter
1143,Sarcina
1144,Candidatus_Arthromitus
1145,Caloramator
1146,Serpentinicella
1147,Romboutsia
1148,Paeniclostridium
1149,Clostridioides
1150,Terrisporobacter
1151,Acetoanaerobium
1152,Peptacetobacter
1153,Tepidibacter
1154,Peptoclostridium
1155,Lachnoclostridium
1156,Blautia
1157,Roseburia
1158,Enterocloster
1159,Anaerostipes
1160,Anaerocolumna
1161,Butyrivibrio
1162,Lacrimispora
1163,Coprococcus
1164,Cellulosilyticum
1165,Mediterraneibacter
1166,Sellimonas
1167,Novisyntrophococcus
1168,Anaerobutyricum
1169,Anaerotignum
1170,Dorea
1171,Faecalicatena
1172,Lachnospira
1173,Herbinix
1174,Pseudobutyrivibrio
1175,Lachnoanaerobaculum
1176,Symbiobacterium
1177,Candidatus_Desulforudis
1178,Desulforamulus
1179,Acididesulfobacillus
1180,Thermanaerosceptrum
1181,Candidatus_Formimonas
1182,Desulfofarcimen
1183,Dehalobacterium
1184,Christensenella
1185,Desulfitobacterium
1186,Desulfosporosinus
1187,Dehalobacter
1188,Syntrophobotulus
1189,Heliomicrobium
1190,Heliorestis
1191,Eubacterium
1192,Acetobacterium
1193,Alkalibacter
1194,Syntrophothermus
1195,Candidatus_Contubernalis
1196,Syntrophomonas
1197,Candidatus_Syntrophocurvum
1198,Desulfoscipio
1199,Thermincola
1200,Vallitalea
1201,Petrocella
1202,Desulfotomaculum
1203,Caloranaerobacter
1204,Alkalicella
1205,Moorella
1206,Ammonifex
1207,Gelria
1208,Thermacetogenium
1209,Carboxydothermus
1210,Thermoanaerobacter
1211,Thermanaeromonas
1212,Caldanaerobacter
1213,Thermoanaerobacterium
1214,Caldicellulosiruptor
1215,Zhaonella
1216,Mahella
1217,Thermodesulfobium
1218,Iocasia
1219,Halanaerobium
1220,Halothermothrix
1221,Anoxybacter
1222,Acetohalobium
1223,Halobacteroides
1224,Thermosediminibacter
1225,Biomaibacter
1226,Tepidanaerobacter
1227,Natranaerofaba
1228,Natranaerobius
1229,Koleobacter
1230,Turicibacter
1231,Allobaculum
1232,Faecalibaculum
1233,Erysipelatoclostridium
1234,Erysipelothrix
1235,Bulleidia
1236,Intestinibaculum
1237,Faecalibacillus
1238,Selenomonas
1239,Megamonas
1240,Pectinatus
1241,Sporomusa
1242,Methylomusa
1243,Pelosinus
1244,Megasphaera
1245,Dialister
1246,Veillonella
1247,Acidaminococcus
1248,Phascolarctobacterium
1249,Limnochorda
1250,Peptoniphilus
1251,Murdochiella
1252,Anaerococcus
1253,Finegoldia
1254,Helcococcus
1255,Parvimonas
1256,Schnuerera
1257,Gudongella
1258,Tissierella
1259,Keratinibaculum
1260,Gottschalkia
1261,Ezakiella
1262,Sedimentibacter
1263,Ndongobacter
1264,Synechococcus
1265,Dactylococcopsis
1266,Cyanobium
1267,Prochlorococcus
1268,Parasynechococcus
1269,Acaryochloris
1270,Chamaesiphon
1271,Synechocystis
1272,Nostoc
1273,Anabaena
1274,Cylindrospermum
1275,Trichormus
1276,Richelia
1277,Calothrix
1278,Sphaerospermopsis
1279,Nodularia
1280,Dolichospermum
1281,Anabaenopsis
1282,Cylindrospermopsis
1283,Scytonema
1284,Brasilonema
1285,Fischerella
1286,Tolypothrix
1287,Rivularia
1288,Leptolyngbya
1289,Kovacikia
1290,Leptothermofonsia
1291,Leptodesmis
1292,Thermoleptolyngbya
1293,Thermosynechococcus
1294,Halomicronema
1295,Pseudanabaena
1296,Gloeobacter
1297,Anthocerotibacter
1298,Moorena
1299,Oscillatoria
1300,Geitlerinema
1301,Allocoleopsis
1302,Oxynema
1303,Microcoleus
1304,Planktothrix
1305,Koinonema
1306,Crinalium
1307,Limnospira
1308,Microcystis
1309,Gloeothece
1310,Rippkaea
1311,Halothece
1312,Euhalothece
1313,Crocosphaera
1314,Candidatus_Atelocyanobacterium
1315,Geminocystis
1316,Gloeocapsa
1317,Chondrocystis
1318,Cyanobacterium
1319,Chroococcidiopsis
1320,Pleurocapsa
1321,Stanieria
1322,Gloeomargarita
1323,Thermostichus
1324,Deinococcus
1325,Thermus
1326,Oceanithermus
1327,Meiothermus
1328,Marinithermus
1329,Truepera
1330,Sphaerobacter
1331,Thermomicrobium
1332,Roseiflexus
1333,Chloroflexus
1334,Tepidiforma
1335,Candidatus_Promineofilum
1336,Caldilinea
1337,Anaerolinea
1338,Pelolinea
1339,Brevefilum
1340,Dehalogenimonas
1341,Dehalococcoides
1342,Phototrophicus
1343,Ktedonosporobacter
1344,Thermobaculum
1345,Fimbriimonas
1346,Chthonomonas
1347,Mycoplasma
1348,Mycoplasmopsis
1349,Mesomycoplasma
1350,Spiroplasma
1351,Mesoplasma
1352,Williamsoniiplasma
1353,Candidatus_Phytoplasma
1354,Alteracholeplasma
1355,Metamycoplasma
1356,Candidatus_Izimaplasma
1357,Gemmata
1358,Urbifossiella
1359,Frigoriglobus
1360,Limnoglobus
1361,Tuwongella
1362,Telmatocola
1363,Lacipirellula
1364,Botrimarina
1365,Pirellulimonas
1366,Aeoliella
1367,Adhaeretor
1368,Bythopirellula
1369,Anatilimnocola
1370,Lignipirellula
1371,Rosistilla
1372,Pirellula
1373,Stieleria
1374,Bremerella
1375,Roseimaritima
1376,Rubripirellula
1377,Rhodopirellula
1378,Aureliella
1379,Mariniblastus
1380,Thermogutta
1381,Tautonia
1382,Aquisphaera
1383,Paludisphaera
1384,Singulisphaera
1385,Isosphaera
1386,Planctomyces
1387,Caulifigura
1388,Gimesia
1389,Maioricimonas
1390,Alienimonas
1391,Symmachiella
1392,Rubinisphaera
1393,Calycomorphotria
1394,Planctopirus
1395,Fuerstiella
1396,Crateriforma
1397,Polystyrenella
1398,Thalassoglobus
1399,Humisphaera
1400,Phycisphaera
1401,Mucisphaera
1402,Poriferisphaera
1403,Sedimentisphaera
1404,Limihaloglobus
1405,Anaerohalosphaera
1406,Candidatus_Kuenenia
1407,Candidatus_Uabimicrobium
1408,Roseimicrobium
1409,Luteolibacter
1410,Verrucomicrobium
1411,Sulfuriroseicoccus
1412,Akkermansia
1413,Opitutus
1414,Lacunisphaera
1415,Nibricoccus
1416,Oleiharenicola
1417,Ereboglobus
1418,Ruficoccus
1419,Coraliomargarita
1420,Methylacidimicrobium
1421,Candidatus_Xiphinematobacter
1422,Methylacidiphilum
1423,Kiritimatiella
1424,Tichowtungia
1425,Candidatus_Protochlamydia
1426,Parachlamydia
1427,Neochlamydia
1428,Waddlia
1429,Candidatus_Rhabdochlamydia
1430,Simkania
1431,Chlamydia
1432,Candidatus_Velamenicoccus
1433,Chitinophaga
1434,Niastella
1435,Flavisolibacter
1436,Pseudobacter
1437,Flavihumibacter
1438,Niabella
1439,Arachidicoccus
1440,Paraflavitalea
1441,Pseudocnuella
1442,Ferruginibacter
1443,Panacibacter
1444,Lacibacter
1445,Filimonas
1446,Phnomibacter
1447,Hymenobacter
1448,Pontibacter
1449,Rufibacter
1450,Adhaeribacter
1451,Nibribacter
1452,Dyadobacter
1453,Fibrella
1454,Runella
1455,Larkinella
1456,Leadbetterella
1457,Arcticibacterium
1458,Chryseolinea
1459,Fulvivirga
1460,Spirosoma
1461,Rhodocytophaga
1462,Cytophaga
1463,Aquirufa
1464,Echinicola
1465,Algoriphagus
1466,Cyclobacterium
1467,Aquiflexum
1468,Belliella
1469,Mongoliitalea
1470,Flammeovirga
1471,Mangrovivirga
1472,Candidatus_Amoebophilus
1473,Candidatus_Cardinium
1474,Marivirga
1475,Bernardetia
1476,Flavobacterium
1477,Muricauda
1478,Gramella
1479,Capnocytophaga
1480,Polaribacter
1481,Nonlabens
1482,Winogradskyella
1483,Myroides
1484,Maribacter
1485,Antarcticibacterium
1486,Aequorivita
1487,Tenacibaculum
1488,Cellulophaga
1489,Robiginitalea
1490,Salegentibacter
1491,Sinomicrobium
1492,Formosa
1493,Aquimarina
1494,Dokdonia
1495,Kordia
1496,Zunongwangia
1497,Lutibacter
1498,Leeuwenhoekiella
1499,Lacinutrix
1500,Flagellimonas
1501,Algibacter
1502,Seonamhaeicola
1503,Zhouia
1504,Pukyongia
1505,Euzebyella
1506,Muriicola
1507,Sediminicola
1508,Constantimarinum
1509,Zobellia
1510,Arenibacter
1511,Aggregatimonas
1512,Gilvibacter
1513,Tamlana
1514,Psychroflexus
1515,Costertonia
1516,Mesoflavibacter
1517,Mariniflexile
1518,Gillisia
1519,Olleya
1520,Galbibacter
1521,Marixanthomonas
1522,Bizionia
1523,Amniculibacterium
1524,Changchengzhania
1525,Aegicerativicinus
1526,Flavivirga
1527,Urechidicola
1528,Oceanihabitans
1529,Siansivirga
1530,Croceibacter
1531,Sabulilitoribacter
1532,Wenyingzhuangia
1533,Psychroserpens
1534,Chryseobacterium
1535,Kaistella
1536,Epilithonimonas
1537,Elizabethkingia
1538,Empedobacter
1539,Apibacter
1540,Cruoricaptor
1541,Ornithobacterium
1542,Cloacibacterium
1543,Riemerella
1544,Weeksella
1545,Bergeyella
1546,Faecalibacter
1547,Fluviicola
1548,Crocinitomix
1549,Blattabacterium
1550,Owenweeksia
1551,Croceimicrobium
1552,Candidatus_Sulcia
1553,Candidatus_Walczuchella
1554,Ichthyobacterium
1555,Mucilaginibacter
1556,Pedobacter
1557,Sphingobacterium
1558,Olivibacter
1559,Solitalea
1560,Anseongella
1561,Pseudopedobacter
1562,Alistipes
1563,Bacteroides
1564,Phocaeicola
1565,Prevotella
1566,Pseudoprevotella
1567,Paraprevotella
1568,Parabacteroides
1569,Tannerella
1570,Sodaliphilus
1571,Duncaniella
1572,Muribaculum
1573,Porphyromonas
1574,Proteiniphilum
1575,Petrimonas
1576,Dysgonomonas
1577,Barnesiella
1578,Coprobacter
1579,Butyricimonas
1580,Odoribacter
1581,Paludibacter
1582,Tenuifilum
1583,Salinivirga
1584,Draconibacterium
1585,Maribellus
1586,Alkalitalea
1587,Labilibaculum
1588,Rhodocaloribacter
1589,Rhodothermus
1590,Salinibacter
1591,Haliscomenobacter
1592,Saprospira
1593,Candidatus_Sulfidibacterium
1594,Chlorobaculum
1595,Pelodictyon
1596,Chlorobium
1597,Prosthecochloris
1598,Chloroherpeton
1599,Candidatus_Cyclonatronum
1600,Melioribacter
1601,Ignavibacterium
1602,Gemmatirosa
1603,Gemmatimonas
1604,Fibrobacter
1605,Candidatus_Cloacimonas
1606,Luteitalea
1607,Granulicella
1608,Terriglobus
1609,Edaphobacter
1610,Acidobacterium
1611,Candidatus_Koribacter
1612,Acidisarcina
1613,Paludibaculum
1614,Chloracidobacterium
1615,Sulfidibacter
1616,Thermotomaculum
1617,Nitrospira
1618,Leptospirillum
1619,Dissulfurispira
1620,Thermodesulfovibrio
1621,Treponema
1622,Spirochaeta
1623,Salinispira
1624,Sediminispirochaeta
1625,Oceanispirochaeta
1626,Sphaerochaeta
1627,Breznakiella
1628,Borrelia
1629,Borreliella
1630,Leptospira
1631,Turneriella
1632,Brachyspira
1633,Pyramidobacter
1634,Fretibacterium
1635,Aminomonas
1636,Cloacibacillus
1637,Jonquetella
1638,Thermanaerovibrio
1639,Aminobacterium
1640,Acetomicrobium
1641,Thermovirga
1642,Candidatus_Nanosynbacter
1643,Candidatus_Saccharimonas
1644,Candidatus_Bipolaricaulis
1645,Candidatus_Babela
1646,Candidatus_Chazhemtobacterium
1647,Candidatus_Absconditicoccus
1648,Thermotoga
1649,Pseudothermotoga
1650,Fervidobacterium
1651,Thermosipho
1652,Mesotoga
1653,Kosmotoga
1654,Marinitoga
1655,Defluviitoga
1656,Athalassotoga
1657,Thermocrinis
1658,Hydrogenobacter
1659,Aquifex
1660,Persephonella
1661,Sulfurihydrogenibium
1662,Thermosulfidibacter
1663,Thermovibrio
1664,Desulfurobacterium
1665,Fusobacterium
1666,Ilyobacter
1667,Leptotrichia
1668,Sebaldella
1669,Thermosulfurimonas
1670,Thermodesulfatator
1671,Thermosulfuriphilus
1672,Thermodesulfobacterium
1673,Geovibrio
1674,Flexistipes
1675,Denitrovibrio
1676,Calditerrivibrio
1677,Mucispirillum
1678,Deferribacter
1679,Desulfurispirillum
1680,Caldithrix
1681,Endomicrobium
1682,Elusimicrobium
1683,Caldisericum
1684,Dictyoglomus
1685,Coprothermobacter
1686,Atribacter
1687,Fusarium
1688,Pochonia
1689,Metarhizium
1690,Ustilaginoidea
1691,Trichoderma
1692,Purpureocillium
1693,Drechmeria
1694,Beauveria
1695,Cordyceps
1696,Clonostachys
1697,Colletotrichum
1698,Thermothelomyces
1699,Thermothielavioides
1700,Neurospora
1701,Pyricularia
1702,Neopestalotiopsis
1703,Botrytis
1704,Aspergillus
1705,Penicillium
1706,Paecilomyces
1707,Talaromyces
1708,Ampelomyces
1709,Paraphaeosphaeria
1710,Zymoseptoria
1711,Cercospora
1712,Eremothecium
1713,Saccharomyces
1714,Naumovozyma
1715,Tetrapisispora
1716,Kluyveromyces
1717,Kazachstania
1718,Lachancea
1719,Zygotorulaspora
1720,Torulaspora
1721,Nakaseomyces
1722,Zygosaccharomyces
1723,Brettanomyces
1724,Pichia
1725,Ogataea
1726,Candida
1727,Scheffersomyces
1728,Sugiyamaella
1729,Yarrowia
1730,Saccharomycodes
1731,Schizosaccharomyces
1732,Pseudozyma
1733,Ustilago
1734,Sporisorium
1735,Malassezia
1736,Phlebiopsis
1737,Rhizoctonia
1738,Marasmius
1739,Cryptococcus
1740,Encephalitozoon
1741,Phytophthora
1742,Pythium
1743,Candidatus_Neoehrlichia
1744,Candidatus_Midichloria
1745,Candidatus_Gromoviella
1746,Candidatus_Ishikawaella
1747,Candidatus_Carsonella
1748,Enterovibrio
1749,Candidatus_Azoamicus
1750,Apilactobacillus
1751,Lapidilactobacillus
1752,Marinilactibacillus
1753,Granulicatella
1754,Hathewaya
1755,Tyzzerella
1756,Filifactor
1757,Miniphocaeibacter
1758,Ureaplasma
1759,Candidatus_Hepatoplasma
1760,Paracholeplasma
1761,Haploplasma
1762,Acholeplasma
1763,Mariniplasma
1764,Malacoplasma
1765,Tepiditoga
1766,Hydrogenobaculum
1767,Cetobacterium
1768,Caldimicrobium
1769,Debaryomyces
1770,Candidatus_Mikella
1771,Wigglesworthia
1772,Amylolactobacillus
1773,Chlamydiifrater
1774,Petrotoga
1775,Pseudoleptotrichia
1776,Candidatus_Purcelliella
1777,Abyssicoccus
1778,Melissococcus
1779,Longicatena
1780,Amedibacterium
1781,Thiospirochaeta
1782,Candidatus_Tachikawaea
1783,Komagataella
1784,Candidatus_Gullanella
1785,Bombilactobacillus
1786,Faecalitalea
1787,Candidatus_Minimicrobia
